f,betti1_clique,betti1_dowker
-1.377000000000000000e+03,0.000000000000000000e+00,1.000000000000000000e+00
-1.348000000000000000e+03,0.000000000000000000e+00,0.000000000000000000e+00
-1.336000000000000000e+03,0.000000000000000000e+00,1.000000000000000000e+00
-1.294000000000000000e+03,0.000000000000000000e+00,0.000000000000000000e+00
-1.223000000000000000e+03,0.000000000000000000e+00,1.000000000000000000e+00
-1.192000000000000000e+03,0.000000000000000000e+00,0.000000000000000000e+00
-1.101000000000000000e+03,0.000000000000000000e+00,1.000000000000000000e+00
-1.080000000000000000e+03,0.000000000000000000e+00,0.000000000000000000e+00
-1.064000000000000000e+03,0.000000000000000000e+00,1.000000000000000000e+00
-1.040000000000000000e+03,0.000000000000000000e+00,0.000000000000000000e+00
-1.028000000000000000e+03,0.000000000000000000e+00,1.000000000000000000e+00
-1.001000000000000000e+03,0.000000000000000000e+00,0.000000000000000000e+00
-9.970000000000000000e+02,0.000000000000000000e+00,1.000000000000000000e+00
-9.950000000000000000e+02,0.000000000000000000e+00,2.000000000000000000e+00
-9.860000000000000000e+02,0.000000000000000000e+00,3.000000000000000000e+00
-9.720000000000000000e+02,0.000000000000000000e+00,2.000000000000000000e+00
-9.530000000000000000e+02,0.000000000000000000e+00,1.000000000000000000e+00
-9.420000000000000000e+02,0.000000000000000000e+00,1.000000000000000000e+00
-9.070000000000000000e+02,0.000000000000000000e+00,0.000000000000000000e+00
-8.920000000000000000e+02,0.000000000000000000e+00,1.000000000000000000e+00
-8.610000000000000000e+02,0.000000000000000000e+00,0.000000000000000000e+00
-8.080000000000000000e+02,0.000000000000000000e+00,1.000000000000000000e+00
-7.820000000000000000e+02,0.000000000000000000e+00,1.000000000000000000e+00
-7.630000000000000000e+02,0.000000000000000000e+00,0.000000000000000000e+00
-6.950000000000000000e+02,0.000000000000000000e+00,1.000000000000000000e+00
-6.780000000000000000e+02,0.000000000000000000e+00,0.000000000000000000e+00
-6.400000000000000000e+02,0.000000000000000000e+00,1.000000000000000000e+00
-6.160000000000000000e+02,0.000000000000000000e+00,0.000000000000000000e+00
-5.720000000000000000e+02,0.000000000000000000e+00,1.000000000000000000e+00
-5.520000000000000000e+02,0.000000000000000000e+00,0.000000000000000000e+00
-5.400000000000000000e+02,0.000000000000000000e+00,1.000000000000000000e+00
-5.350000000000000000e+02,0.000000000000000000e+00,0.000000000000000000e+00
-4.640000000000000000e+02,0.000000000000000000e+00,1.000000000000000000e+00
-4.530000000000000000e+02,0.000000000000000000e+00,0.000000000000000000e+00
-4.490000000000000000e+02,0.000000000000000000e+00,1.000000000000000000e+00
-4.350000000000000000e+02,0.000000000000000000e+00,0.000000000000000000e+00
-4.280000000000000000e+02,0.000000000000000000e+00,1.000000000000000000e+00
-4.270000000000000000e+02,0.000000000000000000e+00,2.000000000000000000e+00
-4.220000000000000000e+02,0.000000000000000000e+00,1.000000000000000000e+00
-4.200000000000000000e+02,0.000000000000000000e+00,0.000000000000000000e+00
-3.880000000000000000e+02,0.000000000000000000e+00,1.000000000000000000e+00
-3.760000000000000000e+02,0.000000000000000000e+00,0.000000000000000000e+00
-3.580000000000000000e+02,0.000000000000000000e+00,1.000000000000000000e+00
-3.510000000000000000e+02,0.000000000000000000e+00,0.000000000000000000e+00
-3.450000000000000000e+02,0.000000000000000000e+00,1.000000000000000000e+00
-3.430000000000000000e+02,0.000000000000000000e+00,2.000000000000000000e+00
-3.410000000000000000e+02,0.000000000000000000e+00,1.000000000000000000e+00
-3.380000000000000000e+02,0.000000000000000000e+00,0.000000000000000000e+00
-3.220000000000000000e+02,0.000000000000000000e+00,1.000000000000000000e+00
-3.110000000000000000e+02,0.000000000000000000e+00,0.000000000000000000e+00
-2.870000000000000000e+02,0.000000000000000000e+00,1.000000000000000000e+00
-2.810000000000000000e+02,0.000000000000000000e+00,0.000000000000000000e+00
-2.320000000000000000e+02,0.000000000000000000e+00,1.000000000000000000e+00
-2.260000000000000000e+02,0.000000000000000000e+00,0.000000000000000000e+00
