birth,death_clique,death_dowker
-1.540000000000000000e+02,-1.540000000000000000e+02,inf
-7.400000000000000000e+01,-7.400000000000000000e+01,inf
-7.200000000000000000e+01,-7.200000000000000000e+01,inf
-5.800000000000000000e+01,-5.800000000000000000e+01,inf
-5.400000000000000000e+01,-5.400000000000000000e+01,inf
-5.100000000000000000e+01,-5.100000000000000000e+01,inf
-4.500000000000000000e+01,-4.500000000000000000e+01,inf
-4.500000000000000000e+01,-4.500000000000000000e+01,inf
-3.200000000000000000e+01,-3.200000000000000000e+01,inf
-3.100000000000000000e+01,-3.100000000000000000e+01,inf
-2.700000000000000000e+01,-2.700000000000000000e+01,inf
-1.200000000000000000e+01,-1.200000000000000000e+01,inf
-1.200000000000000000e+01,-1.200000000000000000e+01,inf
-9.000000000000000000e+00,-9.000000000000000000e+00,inf
-8.000000000000000000e+00,-8.000000000000000000e+00,inf
-8.000000000000000000e+00,-8.000000000000000000e+00,inf
-6.000000000000000000e+00,-6.000000000000000000e+00,inf
-5.000000000000000000e+00,-5.000000000000000000e+00,inf
-5.000000000000000000e+00,-5.000000000000000000e+00,inf
-4.000000000000000000e+00,-4.000000000000000000e+00,inf
-4.000000000000000000e+00,-4.000000000000000000e+00,inf
-4.000000000000000000e+00,-4.000000000000000000e+00,inf
-3.000000000000000000e+00,-3.000000000000000000e+00,inf
-2.000000000000000000e+00,-2.000000000000000000e+00,inf
-2.000000000000000000e+00,-2.000000000000000000e+00,inf
-2.000000000000000000e+00,-2.000000000000000000e+00,inf
-1.000000000000000000e+00,-1.000000000000000000e+00,inf
