dataset,window,threshold,edges,tri_clique,tri_clique_R,tri_dowker,phantom,b0_C,b1_C,b0_D,b1_D
group_regulation,3,0.02,34,70,70,70,0,1,0,1,0
group_regulation,3,0.05,30,50,50,50,0,1,0,1,0
group_regulation,3,0.1,22,20,20,20,0,1,0,1,0
group_regulation,3,0.2,13,3,3,3,0,1,2,1,2
group_regulation,4,0.02,34,70,70,70,0,1,0,1,0
group_regulation,4,0.05,30,50,50,50,0,1,0,1,0
group_regulation,4,0.1,22,20,20,20,0,1,0,1,0
group_regulation,4,0.2,13,3,3,3,0,1,2,1,2
human_long,3,0.02,36,84,84,67,17,1,0,1,0
human_long,3,0.05,36,84,84,67,17,1,0,1,0
human_long,3,0.1,23,22,22,19,3,1,0,1,0
human_long,3,0.2,7,0,0,0,0,2,0,2,0
human_long,4,0.02,36,84,84,79,5,1,0,1,0
human_long,4,0.05,36,84,84,79,5,1,0,1,0
human_long,4,0.1,23,22,22,22,0,1,0,1,0
human_long,4,0.2,7,0,0,0,0,2,0,2,0
