f,b1_clique_obs,b1_dowker_obs,null_lo2.5,null_median,null_hi97.5
-2.500000000000000000e+01,0.000000000000000000e+00,1.000000000000000000e+00,1.975000000000000533e+00,4.000000000000000000e+00,7.000000000000000000e+00
-2.200000000000000000e+01,1.000000000000000000e+00,2.000000000000000000e+00,5.000000000000000000e+00,8.000000000000000000e+00,1.300000000000000000e+01
-2.100000000000000000e+01,2.000000000000000000e+00,6.000000000000000000e+00,5.975000000000000533e+00,1.000000000000000000e+01,1.502500000000000568e+01
-2.000000000000000000e+01,2.000000000000000000e+00,8.000000000000000000e+00,8.000000000000000000e+00,1.300000000000000000e+01,1.700000000000000000e+01
-1.900000000000000000e+01,1.000000000000000000e+00,1.100000000000000000e+01,1.000000000000000000e+01,1.500000000000000000e+01,2.000000000000000000e+01
-1.800000000000000000e+01,0.000000000000000000e+00,1.300000000000000000e+01,1.297500000000000142e+01,1.800000000000000000e+01,2.400000000000000000e+01
-1.700000000000000000e+01,2.000000000000000000e+00,1.900000000000000000e+01,1.597500000000000142e+01,2.200000000000000000e+01,2.900000000000000000e+01
-1.600000000000000000e+01,2.000000000000000000e+00,2.500000000000000000e+01,2.000000000000000000e+01,2.700000000000000000e+01,3.300000000000000000e+01
-1.500000000000000000e+01,1.000000000000000000e+00,3.100000000000000000e+01,2.597500000000000142e+01,3.300000000000000000e+01,4.000000000000000000e+01
-1.400000000000000000e+01,2.000000000000000000e+00,4.200000000000000000e+01,3.200000000000000000e+01,4.000000000000000000e+01,4.900000000000000000e+01
-1.300000000000000000e+01,0.000000000000000000e+00,5.400000000000000000e+01,4.000000000000000000e+01,5.000000000000000000e+01,6.000000000000000000e+01
-1.200000000000000000e+01,0.000000000000000000e+00,6.600000000000000000e+01,5.297500000000000142e+01,6.200000000000000000e+01,7.300000000000000000e+01
-1.100000000000000000e+01,1.000000000000000000e+00,7.900000000000000000e+01,6.897499999999999432e+01,8.000000000000000000e+01,9.102500000000000568e+01
-1.000000000000000000e+01,1.000000000000000000e+00,1.010000000000000000e+02,9.100000000000000000e+01,1.020000000000000000e+02,1.160250000000000057e+02
-9.000000000000000000e+00,0.000000000000000000e+00,1.470000000000000000e+02,1.169500000000000028e+02,1.340000000000000000e+02,1.480250000000000057e+02
-8.000000000000000000e+00,0.000000000000000000e+00,2.040000000000000000e+02,1.610000000000000000e+02,1.790000000000000000e+02,1.970250000000000057e+02
-7.000000000000000000e+00,0.000000000000000000e+00,2.700000000000000000e+02,2.249749999999999943e+02,2.440000000000000000e+02,2.641000000000000227e+02
-6.000000000000000000e+00,2.000000000000000000e+00,3.760000000000000000e+02,3.099750000000000227e+02,3.400000000000000000e+02,3.680500000000000114e+02
-5.000000000000000000e+00,1.000000000000000000e+00,5.200000000000000000e+02,4.588750000000000000e+02,4.910000000000000000e+02,5.250000000000000000e+02
-4.000000000000000000e+00,4.000000000000000000e+00,7.950000000000000000e+02,6.949750000000000227e+02,7.405000000000000000e+02,7.840750000000000455e+02
-3.000000000000000000e+00,1.000000000000000000e+01,1.193000000000000000e+03,1.117900000000000091e+03,1.202000000000000000e+03,1.268025000000000091e+03
-2.000000000000000000e+00,2.300000000000000000e+01,2.012000000000000000e+03,1.985974999999999909e+03,2.097000000000000000e+03,2.197150000000000091e+03
-1.000000000000000000e+00,4.900000000000000000e+01,1.957000000000000000e+03,2.366949999999999818e+03,2.431500000000000000e+03,2.498099999999999909e+03
